c_12518,i_40
c_3768,i_153
c_22795,i_133
c_10870,i_149
c_8550,i_134
c_9399,i_122
c_5598,i_140
c_11785,i_71
c_2428,i_180
c_4812,i_119
c_9611,i_25
c_15733,i_175
c_16153,i_6
c_30111,i_178
c_12919,i_104
c_521,i_120
c_6386,i_150
c_25856,i_121
c_27958,i_107
c_15845,i_170
c_25744,i_107
c_6681,i_28
c_18308,i_107
c_5491,i_24
c_26112,i_103
c_5258,i_167
c_15722,i_181
c_5983,i_104
c_357,i_169
c_28929,i_129
c_23557,i_119
c_30461,i_122
c_9978,i_97
c_31443,i_20
c_18854,i_74
c_15101,i_76
c_7118,i_1
c_7803,i_81
c_8260,i_104
c_27262,i_101
c_12178,i_15
c_19990,i_160
c_30845,i_36
c_14432,i_68
c_12604,i_155
c_16861,i_82
c_2540,i_169
c_15122,i_156
c_8893,i_147
c_5725,i_60
c_19475,i_4
c_20169,i_14
c_975,i_27
c_22330,i_182
c_303,i_133
c_3816,i_63
c_17911,i_169
c_29032,i_179
c_647,i_25
c_9970,i_124
c_966,i_71
c_11322,i_92
c_24172,i_137
c_2487,i_59
c_6543,i_53
c_26064,i_126
c_13515,i_144
c_10866,i_147
c_16415,i_66
c_10385,i_91
c_5266,i_46
c_20610,i_51
c_1586,i_109
c_5246,i_25
c_13885,i_182
c_2658,i_36
c_6092,i_113
c_16564,i_141
c_3650,i_170
c_8831,i_76
c_13713,i_152
c_22571,i_149
c_27020,i_157
c_20984,i_61
c_21011,i_152
c_31255,i_175
c_11850,i_92
c_22595,i_66
c_11210,i_101
c_22823,i_109
c_11176,i_136
c_23321,i_39
c_19718,i_34
c_19559,i_47
c_26321,i_34
c_11222,i_170
c_14073,i_52
c_26826,i_60
c_27428,i_58
c_27263,i_162
c_24046,i_65
c_6723,i_14
c_9808,i_165
c_27096,i_145
c_22289,i_89
c_24541,i_141
c_5238,i_117
c_24663,i_94
c_25508,i_159
c_18206,i_20
c_13521,i_58
c_1231,i_20
c_5790,i_135
c_24401,i_160
c_6287,i_46
c_3056,i_166
c_17376,i_63
c_24840,i_9
c_21117,i_147
c_3039,i_175
c_19515,i_146
c_8191,i_43
c_17036,i_165
c_8089,i_58
c_10035,i_95
c_6499,i_154
c_17285,i_128
c_1615,i_87
c_30426,i_75
c_23351,i_21
c_24467,i_104
c_17081,i_61
c_3923,i_19
c_22747,i_115
c_4413,i_183
c_16106,i_63
c_26518,i_52
c_4513,i_61
c_11456,i_123
c_10437,i_32
c_28893,i_18
c_2625,i_182
c_31139,i_35
c_8728,i_138
c_30258,i_165
c_21413,i_103
c_922,i_62
c_18120,i_57
c_19468,i_162
c_10181,i_100
c_7656,i_25
c_4263,i_16
c_5003,i_154
c_1357,i_11
c_31281,i_117
c_12298,i_177
c_18816,i_163
c_6786,i_20
c_11409,i_2
c_12186,i_127
c_16340,i_71
c_22983,i_169
c_16705,i_6
c_28982,i_136
c_11045,i_103
c_15979,i_29
c_28108,i_111
c_8139,i_159
c_12770,i_21
c_9014,i_139
c_27709,i_77
c_23488,i_140
c_19414,i_14
c_7957,i_78
c_19648,i_101
c_5627,i_121
c_16855,i_116
c_17558,i_105
c_12521,i_80
c_2099,i_77
c_9777,i_85
c_22354,i_113
c_31184,i_108
c_23660,i_150
c_10810,i_16
c_2401,i_55
c_7284,i_44
c_19647,i_54
c_19221,i_15
c_10706,i_26
c_2271,i_16
c_3710,i_142
c_23682,i_183
c_29337,i_76
c_4663,i_48
c_20327,i_173
c_25265,i_69
c_15233,i_134
c_9832,i_8
c_16224,i_85
c_19619,i_55
c_23508,i_3
c_10956,i_84
c_1239,i_123
c_6686,i_158
c_16058,i_76
c_28344,i_167
c_26498,i_161
c_26559,i_38
c_21274,i_63
c_25749,i_130
c_9583,i_176
c_18885,i_76
c_7045,i_96
c_20922,i_73
c_10783,i_166
c_17605,i_99
c_955,i_138
c_7007,i_46
c_1932,i_164
c_2598,i_118
c_19715,i_125
c_25744,i_79
c_11847,i_10
c_17105,i_59
c_20952,i_117
c_8942,i_160
c_12605,i_28
c_8402,i_32
c_15136,i_135
c_6163,i_20
c_16282,i_153
c_23632,i_43
c_2929,i_14
c_3526,i_68
c_23615,i_37
c_11371,i_20
c_7751,i_66
c_29234,i_80
c_29248,i_105
c_16914,i_11
c_21163,i_145
c_31425,i_26
c_5048,i_6
c_21335,i_35
c_23694,i_101
c_3359,i_162
c_9219,i_15
c_2562,i_69
c_30136,i_43
c_29243,i_96
c_22618,i_126
c_27066,i_61
c_17348,i_58
c_26776,i_136
c_1058,i_88
c_18325,i_131
c_5505,i_139
c_1961,i_102
c_4650,i_137
c_18159,i_1
c_8592,i_68
c_9141,i_39
c_1647,i_175
c_21495,i_165
c_5490,i_129
c_5907,i_116
c_30259,i_148
c_26694,i_22
c_12564,i_74
c_17386,i_103
c_21617,i_50
c_6457,i_56
c_9927,i_27
c_8448,i_90
c_16430,i_31
c_18991,i_22
c_1687,i_70
c_29344,i_180
c_12451,i_61
c_1706,i_85
c_18844,i_49
c_15906,i_163
c_19408,i_154
c_12097,i_142
c_16396,i_76
c_1821,i_64
c_1182,i_56
c_26482,i_134
c_17803,i_112
c_14812,i_67
c_479,i_145
c_3151,i_54
c_2697,i_25
c_3435,i_127
c_28818,i_183
c_28043,i_38
c_15066,i_150
c_25759,i_2
c_2447,i_162
c_30352,i_172
c_17030,i_45
c_581,i_78
c_9664,i_68
c_30998,i_28
c_31265,i_13
c_10689,i_21
c_3550,i_128
c_29420,i_44
c_4521,i_0
c_25750,i_159
c_26978,i_11
c_3092,i_143
c_15266,i_163
c_15279,i_144
c_15610,i_30
c_30022,i_119
c_14180,i_162
c_13416,i_180
c_29451,i_36
c_17840,i_120
c_19348,i_27
c_11300,i_159
c_11361,i_182
c_28523,i_89
c_26502,i_168
c_24922,i_9
c_12522,i_147
c_21634,i_50
c_30592,i_35
c_505,i_133
c_2918,i_114
c_12688,i_58
c_30573,i_39
c_27631,i_33
c_12610,i_161
c_25872,i_120
c_12088,i_46
c_29433,i_58
c_17300,i_24
c_19722,i_36
c_28985,i_77
c_26235,i_150
c_20448,i_82
c_26037,i_128
c_11258,i_73
c_11777,i_40
c_12076,i_143
c_25342,i_150
c_7694,i_172
c_21129,i_68
c_19537,i_145
c_4359,i_35
c_8218,i_146
c_9209,i_52
c_25902,i_103
c_9563,i_125
c_10806,i_93
c_5222,i_103
c_4555,i_140
c_14252,i_171
c_23869,i_61
c_7042,i_119
c_8393,i_50
c_1953,i_181
c_13664,i_160
c_19943,i_55
c_27722,i_167
c_27129,i_165
c_20686,i_169
c_20216,i_147
c_29563,i_50
c_12399,i_78
c_19800,i_49
c_17910,i_119
c_492,i_169
c_15922,i_51
c_8207,i_19
c_20623,i_112
c_13841,i_21
c_29997,i_80
c_20663,i_128
c_21735,i_147
c_15305,i_13
c_31274,i_97
c_1864,i_130
c_30808,i_16
c_9717,i_160
c_27929,i_58
c_20534,i_133
c_19183,i_71
c_15397,i_1
c_3982,i_121
c_23864,i_81
c_340,i_121
c_8470,i_165
c_28677,i_155
c_8917,i_6
c_16024,i_46
c_1220,i_92
c_2485,i_122
c_23276,i_90
c_8239,i_159
c_1513,i_151
c_9239,i_54
c_3396,i_7
c_7364,i_128
c_23939,i_32
c_25006,i_58
c_17156,i_160
c_26806,i_164
c_4946,i_170
c_22355,i_69
c_25350,i_176
c_12872,i_168
c_7208,i_164
c_16013,i_12
c_19287,i_96
c_2328,i_93
c_11332,i_3
c_19078,i_75
c_23156,i_50
c_9586,i_153
c_7980,i_78
c_28634,i_41
c_15520,i_12
c_8784,i_178
c_3228,i_134
c_681,i_165
c_25965,i_25
c_27514,i_72
c_2618,i_181
c_3523,i_87
c_13451,i_158
c_8054,i_169
c_10810,i_156
c_15969,i_35
c_2061,i_76
c_5723,i_18
c_12171,i_161
c_23799,i_25
c_25439,i_122
c_18177,i_119
c_18098,i_177
c_23205,i_11
c_10969,i_16
c_2596,i_120
c_12187,i_50
c_4386,i_32
c_28065,i_94
c_21352,i_23
c_597,i_170
c_19875,i_60
c_24997,i_165
c_20212,i_177
c_25629,i_164
c_20611,i_32
c_31298,i_86
c_3087,i_31
c_4947,i_21
c_16342,i_135
c_13588,i_179
c_9603,i_139
c_19593,i_60
c_10565,i_93
c_11538,i_85
c_12070,i_13
c_4365,i_48
c_2173,i_129
c_15813,i_100
c_19415,i_162
c_24177,i_177
c_1131,i_182
c_19180,i_107
c_17787,i_65
c_5639,i_61
c_3208,i_90
c_4477,i_57
c_12310,i_9
c_4543,i_49
c_2995,i_172
c_18321,i_108
c_14871,i_181
c_27658,i_5
c_12341,i_44
c_12546,i_17
c_3474,i_99
c_15863,i_32
c_10748,i_127
c_7417,i_38
c_21080,i_84
c_7107,i_153
c_30135,i_35
c_1228,i_148
c_11961,i_114
c_12782,i_102
c_6654,i_149
c_10351,i_2
c_28121,i_96
c_9110,i_156
c_14769,i_75
c_8781,i_113
c_9043,i_41
c_22245,i_142
c_7653,i_101
c_31394,i_155
c_25842,i_157
c_13349,i_59
c_14599,i_0
c_14918,i_162
c_20745,i_88
c_23065,i_80
c_8812,i_84
c_27751,i_134
c_28175,i_77
c_5642,i_55
c_26161,i_14
c_2684,i_11
c_9935,i_105
c_10053,i_116
c_17734,i_38
c_5950,i_102
c_8407,i_181
c_17034,i_82
c_21782,i_149
c_25585,i_16
c_18684,i_175
c_11422,i_81
c_28750,i_101
c_22614,i_163
c_7711,i_159
c_22103,i_12
c_26322,i_133
c_23291,i_99
c_17547,i_108
c_1219,i_170
c_11397,i_145
c_12121,i_134
c_20817,i_158
c_16188,i_171
c_3492,i_116
c_103,i_52
c_17241,i_178
c_27308,i_45
c_2214,i_168
c_2462,i_129
c_10239,i_58
c_10230,i_151
c_18065,i_64
c_3538,i_133
c_24480,i_37
c_27633,i_160
c_6324,i_113
c_26195,i_113
c_29957,i_181
c_15115,i_40
c_9925,i_4
c_17741,i_61
c_5974,i_164
c_19770,i_163
c_21336,i_46
c_2831,i_140
c_11991,i_147
c_435,i_163
c_29261,i_36
c_11419,i_100
c_2349,i_151
c_3993,i_68
c_19960,i_110
c_12056,i_65
c_1135,i_149
c_21746,i_68
c_27181,i_2
c_5311,i_138
c_28620,i_161
c_15388,i_41
c_29535,i_7
c_5739,i_91
c_23781,i_77
c_5110,i_117
c_26696,i_145
c_29349,i_167
c_11937,i_166
c_30903,i_20
c_9099,i_52
c_29859,i_74
c_30216,i_31
c_27583,i_79
c_13815,i_41
c_19472,i_117
c_28319,i_82
c_23339,i_114
c_1950,i_89
c_18299,i_165
c_11960,i_70
c_11168,i_103
c_17724,i_69
c_13004,i_42
c_12125,i_120
c_27216,i_44
c_14406,i_89
c_20653,i_164
c_14169,i_19
c_7391,i_175
c_29431,i_100
c_5718,i_15
c_23097,i_154
c_20424,i_67
c_11775,i_90
c_25369,i_145
c_2063,i_39
c_29908,i_161
c_12255,i_70
c_21013,i_108
c_19675,i_159
c_30715,i_166
c_27890,i_179
c_4293,i_64
c_1974,i_52
c_31418,i_137
c_14584,i_48
c_28064,i_146
c_17668,i_70
c_8015,i_78
c_26594,i_137
c_28594,i_171
c_5939,i_78
c_12047,i_94
c_29592,i_66
c_23988,i_172
c_19758,i_16
c_16219,i_115
c_25702,i_11
c_13702,i_1
c_20873,i_82
c_10139,i_49
c_27444,i_174
c_16816,i_161
c_26653,i_144
c_14178,i_53
c_18932,i_133
c_8770,i_150
c_6499,i_146
c_30189,i_110
c_21960,i_19
c_28154,i_98
c_28060,i_97
c_22798,i_8
c_28476,i_91
c_11318,i_83
c_19483,i_17
c_27623,i_69
c_7714,i_12
c_22741,i_70
c_25067,i_47
c_18413,i_130
c_17456,i_158
c_1056,i_172
c_30312,i_175
c_27900,i_171
c_28569,i_155
c_20971,i_13
c_880,i_75
c_196,i_3
c_8517,i_10
c_14460,i_146
c_5088,i_103
c_1401,i_35
c_7470,i_55
c_12406,i_144
c_28635,i_70
c_22174,i_144
c_460,i_120
c_23368,i_104
c_5638,i_162
c_1315,i_151
c_25161,i_54
c_12386,i_151
c_26908,i_60
c_10236,i_70
c_19617,i_163
c_9616,i_78
c_30408,i_177
c_31384,i_133
c_3268,i_80
c_428,i_171
c_7499,i_169
c_20775,i_113
c_24750,i_48
c_568,i_93
c_17825,i_2
c_19201,i_111
c_14765,i_77
c_25811,i_111
c_18587,i_50
c_8720,i_129
c_2518,i_183
c_16367,i_111
c_1153,i_95
c_23799,i_122
c_10255,i_105
c_28884,i_109
c_8083,i_30
c_19885,i_35
c_11381,i_46
c_29355,i_144
c_23244,i_106
c_7060,i_172
c_25413,i_165
c_27360,i_72
c_22026,i_172
c_23988,i_83
c_10206,i_84
c_13401,i_160
c_24049,i_66
c_24301,i_104
c_15750,i_37
c_18615,i_66
c_13739,i_104
c_16078,i_82
c_16576,i_134
c_17624,i_74
c_4365,i_46
c_13691,i_78
c_7483,i_134
c_19015,i_161
c_31421,i_3
c_12248,i_172
c_29339,i_115
c_3631,i_156
c_30271,i_52
c_8841,i_58
c_30093,i_57
c_7486,i_17
c_18595,i_7
c_10074,i_146
c_15668,i_97
c_18123,i_129
c_6337,i_79
c_9542,i_123
c_11157,i_54
c_8027,i_114
c_30255,i_45
c_21795,i_102
c_7705,i_166
c_13756,i_169
c_1745,i_138
c_5643,i_66
c_21988,i_65
c_18759,i_37
c_28501,i_67
c_608,i_51
c_7085,i_21
c_6593,i_112
c_25902,i_144
c_8410,i_18
c_16930,i_5
c_15607,i_182
c_27498,i_143
c_3483,i_92
c_17016,i_175
c_16138,i_57
c_13002,i_75
c_4556,i_47
c_11449,i_172
c_10035,i_24
c_11720,i_90
c_27047,i_70
c_14439,i_114
c_20096,i_15
c_19249,i_3
c_11757,i_90
c_29010,i_37
c_3704,i_84
c_26902,i_52
c_27834,i_40
c_29800,i_22
c_3507,i_34
c_17716,i_105
c_15077,i_113
c_29286,i_102
c_5339,i_72
c_18502,i_127
c_28581,i_151
c_21881,i_177
c_4517,i_95
c_24266,i_84
c_15297,i_106
c_16061,i_179
c_23110,i_128
c_9285,i_149
c_2887,i_54
c_30984,i_143
c_25454,i_17
c_25607,i_81
c_26890,i_55
c_23528,i_104
c_4574,i_18
c_13631,i_39
c_15634,i_129
c_30570,i_135
c_9817,i_166
c_18197,i_58
c_13030,i_52
c_31372,i_181
c_19888,i_47
c_9068,i_160
c_31059,i_54
c_21472,i_157
c_4418,i_77
c_24801,i_98
c_10146,i_137
c_26944,i_1
c_26505,i_5
c_10030,i_127
c_16311,i_54
c_24814,i_94
c_23682,i_123
c_18421,i_59
c_17569,i_44
c_5088,i_108
c_22907,i_52
c_8111,i_74
c_9482,i_111
c_28635,i_85
c_27448,i_147
c_19970,i_125
c_19642,i_169
c_15758,i_66
c_25289,i_5
c_29905,i_88
c_16892,i_70
c_6925,i_142
c_20572,i_118
c_4250,i_123
c_10712,i_100
c_9347,i_74
c_3626,i_90
c_13965,i_1
c_13081,i_171
c_5439,i_53
c_29213,i_152
c_9784,i_141
c_14132,i_158
c_29473,i_161
c_14232,i_100
c_13497,i_149
c_27102,i_65
c_5538,i_85
c_12477,i_59
c_9244,i_89
c_10870,i_86
c_20933,i_10
c_9103,i_67
c_2675,i_43
c_28854,i_4
c_6790,i_108
c_2658,i_173
c_7737,i_49
c_22620,i_48
c_16292,i_93
c_22534,i_120
c_9005,i_2
c_26758,i_155
c_3070,i_25
c_9682,i_57
c_9168,i_101
c_7511,i_152
c_89,i_56
c_995,i_55
c_30349,i_62
c_21305,i_104
c_7267,i_1
c_19141,i_29
c_31039,i_166
c_17841,i_11
c_18289,i_81
c_1297,i_108
c_14583,i_99
c_2360,i_41
c_5737,i_153
c_6448,i_93
c_18357,i_179
c_21103,i_85
c_20720,i_42
c_18859,i_156
c_5119,i_69
c_21264,i_53
c_22124,i_100
c_295,i_82
c_19005,i_79
c_11058,i_58
c_21514,i_61
c_1855,i_172
c_25798,i_111
c_30300,i_135
c_29102,i_16
c_19394,i_26
c_29679,i_50
c_28698,i_8
c_29019,i_44
c_9956,i_125
c_1637,i_145
c_27012,i_164
c_15439,i_68
c_4618,i_136
c_27074,i_38
c_31459,i_156
c_14400,i_135
c_18715,i_134
c_26079,i_44
c_1242,i_151
c_14638,i_76
c_15676,i_64
c_16319,i_103
c_12516,i_106
c_24438,i_144
c_29153,i_60
c_26714,i_114
c_27298,i_117
c_15733,i_65
c_4359,i_178
c_3363,i_36
c_5847,i_76
c_9246,i_22
c_29693,i_123
c_8794,i_28
c_15908,i_100
c_6091,i_108
c_7129,i_141
c_24550,i_94
c_26922,i_110
c_22762,i_105
c_24496,i_17
c_20041,i_141
c_10254,i_81
c_11016,i_92
c_11781,i_112
c_25160,i_4
c_12396,i_174
c_16341,i_33
c_4848,i_163
c_8216,i_146
c_767,i_146
c_8411,i_23
c_21206,i_23
c_2458,i_49
c_19131,i_122
c_25878,i_139
c_9744,i_84
c_4277,i_89
c_4456,i_47
c_18482,i_33
c_27052,i_99
c_23401,i_63
c_21516,i_25
c_24081,i_28
c_21802,i_134
c_25818,i_73
c_18584,i_89
c_22284,i_152
c_9389,i_140
c_7677,i_71
c_8301,i_94
c_31253,i_18
c_11005,i_145
c_371,i_130
c_16807,i_18
c_20902,i_48
c_28685,i_182
c_26395,i_103
c_23049,i_128
c_16611,i_9
c_12316,i_19
c_25809,i_162
c_27852,i_101
c_21917,i_4
c_4843,i_94
c_6326,i_24
c_5991,i_95
c_7931,i_141
c_18644,i_181
c_5839,i_88
c_18481,i_128
c_31314,i_8
c_18145,i_4
c_28994,i_120
c_19587,i_177
c_25806,i_47
c_24405,i_48
c_692,i_118
c_27625,i_183
c_29222,i_136
c_25196,i_69
c_25899,i_94
c_14004,i_155
c_13839,i_146
c_12288,i_94
c_8354,i_171
c_4568,i_118
c_4129,i_69
c_16708,i_26
c_30287,i_109
c_20249,i_82
c_8158,i_37
c_2655,i_136
c_5165,i_32
c_30961,i_154
c_18057,i_164
c_27195,i_30
c_2623,i_27
c_14737,i_56
c_15655,i_164
c_24584,i_12
c_15337,i_41
c_27837,i_100
c_31350,i_48
c_5211,i_124
c_6154,i_155
c_23001,i_133
c_25344,i_68
c_4965,i_46
c_2838,i_144
c_17382,i_105
c_4560,i_101
c_29626,i_39
c_10693,i_65
c_13330,i_105
c_20455,i_85
c_19962,i_21
c_22066,i_59
c_15061,i_4
c_9371,i_53
c_9473,i_35
c_24220,i_133
c_949,i_87
c_22446,i_95
c_11183,i_158
c_7238,i_18
c_2905,i_84
c_17120,i_95
c_6610,i_26
c_14968,i_39
c_27923,i_59
c_23058,i_110
c_29410,i_27
c_22657,i_132
c_23757,i_61
c_16148,i_178
c_21162,i_102
c_27978,i_145
c_29472,i_131
c_7556,i_160
c_5760,i_29
c_2673,i_82
c_27141,i_45
c_23065,i_79
c_13987,i_38
c_20758,i_38
c_24739,i_151
c_24860,i_85
c_24566,i_12
c_17723,i_37
c_25896,i_111
c_25787,i_94
c_6012,i_81
c_28903,i_6
c_25080,i_61
c_19461,i_146
c_26038,i_65
c_23317,i_130
c_17829,i_35
c_8551,i_26
c_9505,i_21
c_1628,i_49
c_21665,i_29
c_23183,i_118
c_7700,i_150
c_17429,i_2
c_17873,i_102
c_27751,i_76
c_4675,i_77
c_1231,i_50
c_4775,i_16
c_9106,i_110
c_1140,i_3
c_26416,i_27
c_12586,i_48
c_30541,i_117
c_11271,i_72
c_29694,i_139
c_7719,i_149
c_6380,i_11
c_3063,i_88
c_19231,i_38
c_26817,i_166
c_18387,i_122
c_30805,i_74
c_15490,i_123
c_22664,i_164
c_10116,i_127
c_1367,i_143
c_18227,i_175
c_12247,i_67
c_15076,i_4
c_15285,i_163
c_11514,i_91
c_4791,i_5
c_7885,i_8
c_6957,i_71
c_19227,i_5
c_19118,i_0
c_29743,i_167
c_12180,i_14
c_31067,i_65
c_17353,i_67
c_28982,i_136
c_4459,i_47
c_4350,i_60
c_10841,i_26
c_25352,i_10
c_26130,i_157
c_30848,i_93
c_17976,i_67
c_9553,i_173
c_31214,i_74
c_22780,i_84
c_9721,i_144
c_6846,i_99
c_22716,i_158
c_22877,i_143
c_31085,i_49
c_29425,i_43
c_20804,i_42
c_30572,i_74
c_20718,i_99
c_6952,i_116
c_6537,i_15
c_25249,i_170
c_3142,i_146
c_13773,i_89
c_909,i_122
c_13971,i_81
c_11900,i_48
c_18976,i_93
c_24479,i_63
c_20390,i_140
c_2100,i_85
c_3713,i_108
c_4253,i_143
c_8167,i_21
c_8813,i_13
c_30894,i_157
c_30191,i_86
c_3921,i_57
c_573,i_29
c_30046,i_45
c_5070,i_85
c_16678,i_32
c_14096,i_43
c_16150,i_104
c_30929,i_142
c_6174,i_5
c_15215,i_73
c_21805,i_155
c_5535,i_91
c_1389,i_115
c_3339,i_157
c_9132,i_150
c_10351,i_89
c_19012,i_115
c_8897,i_177
c_8900,i_108
c_22248,i_85
c_25531,i_11
c_28977,i_59
c_580,i_93
c_2356,i_182
c_12780,i_85
c_11447,i_107
c_20958,i_176
c_4480,i_31
c_13877,i_153
c_15781,i_60
c_6492,i_59
c_27032,i_87
c_7269,i_127
c_12229,i_45
c_13866,i_47
c_4268,i_6
c_12399,i_98
c_26135,i_54
c_20943,i_113
c_31431,i_35
c_238,i_157
c_22019,i_34
c_17104,i_77
c_29225,i_85
c_24488,i_72
c_12845,i_107
c_13804,i_38
c_2114,i_150
c_3018,i_160
c_20244,i_69
c_19736,i_128
c_25540,i_23
c_7635,i_162
c_1945,i_182
c_23078,i_99
c_29293,i_37
c_29577,i_151
c_15849,i_40
c_2222,i_65
c_6033,i_109
c_2737,i_49
c_23226,i_151
c_153,i_126
c_20375,i_60
c_22778,i_165
c_12632,i_13
c_5199,i_83
c_24164,i_46
c_7900,i_96
c_20591,i_16
c_22989,i_24
c_4353,i_47
c_22965,i_95
c_24075,i_15
c_14819,i_31
c_16988,i_131
c_1482,i_143
c_2826,i_26
c_27312,i_40
c_21465,i_124
c_17615,i_158
c_21784,i_152
c_6775,i_170
c_21117,i_86
c_23664,i_25
c_658,i_169
c_6974,i_38
c_29193,i_35
c_17398,i_95
c_4606,i_155
c_7413,i_152
c_30331,i_83
c_8767,i_110
c_21252,i_84
c_12138,i_54
c_10300,i_183
c_30694,i_34
c_4742,i_85
c_24413,i_73
c_20893,i_10
c_22605,i_54
c_24056,i_44
c_1561,i_70
c_6521,i_139
c_22532,i_2
c_11681,i_61
c_3307,i_73
c_15100,i_141
c_8472,i_49
c_4086,i_56
c_5471,i_26
c_28873,i_105
c_18366,i_111
c_6538,i_70
c_3387,i_87
c_14419,i_9
c_19800,i_167
c_2324,i_82
c_13483,i_32
c_20515,i_97
c_25139,i_104
c_21209,i_19
c_4708,i_169
c_28110,i_155
c_24069,i_99
c_29768,i_170
c_22275,i_33
c_18415,i_4
c_15463,i_117
c_31404,i_7
c_24907,i_155
c_151,i_118
c_18736,i_64
c_4216,i_87
c_1688,i_113
c_20630,i_97
c_14960,i_124
c_19191,i_145
c_25772,i_183
c_750,i_125
c_2728,i_33
c_30331,i_149
c_15640,i_9
c_11469,i_149
c_4817,i_91
c_11635,i_38
c_5712,i_136
c_22892,i_39
c_9665,i_174
c_23695,i_149
c_15982,i_121
c_756,i_77
c_1174,i_22
c_6203,i_153
c_4180,i_149
c_26209,i_147
c_13863,i_75
c_2148,i_89
c_14200,i_1
c_30583,i_15
c_560,i_62
c_18795,i_75
c_25188,i_31
c_2400,i_145
c_28748,i_177
c_23184,i_113
c_26211,i_35
c_125,i_30
c_28418,i_56
c_11415,i_73
c_19883,i_138
c_3230,i_109
c_30202,i_92
c_2469,i_4
c_16278,i_55
c_17082,i_129
c_22139,i_20
c_7041,i_139
c_21887,i_145
c_12824,i_95
c_8587,i_67
c_10228,i_109
c_14877,i_99
c_18868,i_51
c_22757,i_152
c_11358,i_169
c_13478,i_86
c_16484,i_180
c_4446,i_31
c_27583,i_19
c_13985,i_60
c_6738,i_177
c_18898,i_43
c_29950,i_172
c_24305,i_87
c_22142,i_168
c_26013,i_172
c_3782,i_74
c_23816,i_127
c_20300,i_182
c_5412,i_59
c_4995,i_174
c_22058,i_181
c_7553,i_77
c_3722,i_58
c_3670,i_171
c_6942,i_63
c_4039,i_174
c_2255,i_141
c_19194,i_4
c_7051,i_181
c_26049,i_76
c_10162,i_77
c_21616,i_41
c_16756,i_61
c_19392,i_179
c_19407,i_117
c_23555,i_63
c_886,i_99
c_11233,i_21
c_11804,i_31
c_23377,i_127
c_9586,i_137
c_9829,i_34
c_29322,i_68
c_22397,i_83
c_3931,i_40
c_11115,i_28
c_22854,i_114
c_26665,i_50
c_19394,i_103
c_11794,i_88
c_16575,i_90
c_18746,i_110
c_5991,i_156
c_11888,i_153
c_6693,i_16
c_3430,i_174
c_29324,i_121
c_17963,i_67
c_16788,i_115
c_6883,i_110
c_11823,i_149
c_26843,i_66
c_27221,i_62
c_11712,i_131
c_2753,i_90
c_21618,i_83
c_17773,i_77
c_29357,i_35
c_14879,i_175
c_404,i_118
c_1727,i_141
c_16593,i_104
c_8556,i_125
c_10404,i_19
c_13326,i_93
c_20567,i_7
c_5649,i_73
c_18646,i_146
c_7199,i_38
c_5230,i_167
c_15946,i_41
c_14313,i_39
c_9966,i_41
c_14114,i_86
c_16035,i_44
c_7220,i_38
c_24150,i_67
c_29533,i_149
c_25127,i_23
c_15947,i_119
c_28502,i_28
c_16716,i_170
c_17248,i_12
c_11028,i_172
c_2622,i_51
c_8201,i_168
c_25492,i_4
c_6066,i_156
c_24726,i_37
c_22747,i_26
c_10047,i_173
c_20584,i_159
c_7257,i_41
c_6001,i_87
c_11860,i_34
c_13206,i_56
c_23911,i_116
c_7820,i_6
c_24683,i_167
c_26905,i_74
c_19743,i_48
c_13209,i_173
c_2287,i_171
c_26755,i_57
c_25099,i_181
c_12750,i_174
c_29018,i_100
c_21489,i_57
c_21220,i_143
c_22578,i_52
c_11609,i_131
c_22525,i_181
c_15577,i_129
c_17280,i_11
c_29905,i_97
c_3954,i_167
c_3882,i_133
c_18302,i_61
c_22287,i_179
c_24663,i_165
c_17046,i_29
c_9569,i_98
c_20255,i_78
c_27443,i_37
c_18049,i_110
c_9490,i_63
c_26853,i_2
c_10178,i_62
c_3352,i_33
c_9849,i_159
c_14680,i_75
c_16095,i_67
c_17669,i_97
c_13811,i_113
c_31462,i_101
c_5390,i_127
c_11218,i_92
c_28850,i_118
c_21819,i_169
c_21539,i_21
c_12578,i_116
c_15898,i_60
c_3789,i_98
c_10749,i_71
c_20996,i_180
c_28606,i_86
c_24259,i_27
c_11672,i_70
c_2987,i_162
c_28502,i_142
c_28698,i_18
c_6364,i_169
c_1330,i_176
c_14603,i_127
c_6049,i_137
c_9670,i_11
c_7015,i_175
c_24378,i_178
c_4577,i_155
c_16408,i_49
c_7464,i_50
c_25869,i_54
c_15324,i_115
c_17463,i_183
c_11111,i_130
c_12601,i_23
c_10904,i_52
c_24306,i_144
c_818,i_71
c_15736,i_81
c_15224,i_130
c_17013,i_58
c_29425,i_92
c_2582,i_175
c_9623,i_118
c_29361,i_162
c_7353,i_74
c_5587,i_132
c_5692,i_134
c_31350,i_23
c_13696,i_168
c_4569,i_5
c_22387,i_103
c_2719,i_43
c_3296,i_76
c_17559,i_43
c_12305,i_108
c_897,i_124
c_5436,i_72
c_27251,i_112
c_12103,i_140
c_12801,i_80
c_5727,i_144
c_29881,i_92
c_18013,i_97
c_22613,i_27
c_7092,i_98
c_5592,i_73
c_6363,i_20
c_2088,i_93
c_18489,i_94
c_7211,i_159
c_12209,i_42
c_10221,i_96
c_25479,i_90
c_10610,i_4
c_21039,i_88
c_10816,i_6
c_27380,i_83
c_28303,i_129
c_23479,i_169
c_28975,i_10
c_17974,i_65
c_8228,i_79
c_26294,i_139
c_7873,i_109
c_9651,i_161
c_6866,i_146
c_23611,i_101
c_14686,i_52
c_1969,i_176
c_11959,i_15
c_6918,i_102
c_19675,i_158
c_4955,i_81
c_29353,i_25
c_19639,i_17
c_2500,i_182
c_164,i_175
c_23327,i_143
c_6888,i_12
c_28623,i_136
c_544,i_41
c_25163,i_81
c_3579,i_105
c_21393,i_0
c_7911,i_33
c_13590,i_178
c_12288,i_21
c_23364,i_51
c_4854,i_116
c_67,i_141
c_13896,i_54
c_4609,i_117
c_3715,i_29
c_22227,i_65
c_16891,i_98
c_30301,i_30
c_4521,i_14
c_20883,i_148
c_23666,i_80
c_8678,i_111
c_10254,i_5
c_26424,i_91
c_25304,i_156
c_10258,i_3
c_13901,i_67
c_25478,i_56
c_17499,i_127
c_4815,i_99
c_10023,i_50
c_9549,i_43
c_21382,i_102
c_29157,i_19
c_26389,i_129
c_6536,i_32
c_7486,i_20
c_17511,i_5
c_19051,i_124
c_20359,i_175
c_8557,i_159
c_17527,i_32
c_4952,i_8
c_15086,i_42
c_317,i_139
c_26644,i_149
c_24421,i_138
c_21983,i_126
c_16958,i_109
c_22585,i_90
c_559,i_90
c_3034,i_157
c_25062,i_154
c_29740,i_57
c_26615,i_15
c_30000,i_7
c_7062,i_153
c_18948,i_45
c_7251,i_149
c_6601,i_16
c_28724,i_85
c_22648,i_87
c_7508,i_26
c_8056,i_159
c_22094,i_116
c_16525,i_25
c_20469,i_141
c_17726,i_117
c_8630,i_85
c_24057,i_90
c_51,i_25
c_10712,i_36
c_16102,i_5
c_16501,i_47
c_26661,i_100
c_22572,i_156
c_26310,i_140
c_17052,i_79
c_25124,i_64
c_12162,i_5
c_3734,i_179
c_31112,i_64
c_25603,i_182
c_3175,i_182
c_26705,i_130
c_8449,i_58
c_24071,i_155
c_25685,i_4
c_474,i_49
c_20474,i_147
c_30548,i_133
c_27976,i_93
c_25693,i_129
c_29480,i_84
c_25330,i_86
c_2092,i_160
c_6287,i_54
c_24438,i_94
c_418,i_9
c_30551,i_169
c_12157,i_5
c_14297,i_124
c_19119,i_136
c_14022,i_134
c_20007,i_81
c_27132,i_39
c_16081,i_82
c_30455,i_68
c_23519,i_45
c_27616,i_175
c_23874,i_183
c_5058,i_175
c_23461,i_112
c_30996,i_159
c_6132,i_41
c_10302,i_176
c_6284,i_104
c_28249,i_19
c_3366,i_64
c_14236,i_83
c_27206,i_140
c_27148,i_145
c_13363,i_60
c_23087,i_88
c_23689,i_175
c_4438,i_140
c_16893,i_21
c_8744,i_53
c_20467,i_77
c_10940,i_128
c_12774,i_111
c_24255,i_3
c_3693,i_127
c_16674,i_4
c_6667,i_90
c_23655,i_127
c_23601,i_124
c_956,i_156
c_12313,i_107
c_7211,i_14
c_24411,i_73
c_20953,i_182
c_29258,i_179
c_25725,i_166
c_4797,i_62
c_20117,i_64
c_11823,i_0
c_11597,i_60
c_7625,i_148
c_23808,i_177
c_12549,i_118
c_9795,i_156
c_2288,i_27
c_14609,i_82
c_10941,i_56
c_22856,i_126
c_26880,i_71
c_15152,i_108
c_15207,i_175
c_31144,i_140
c_21808,i_50
c_20327,i_11
c_13805,i_5
c_22824,i_33
c_18913,i_114
c_24148,i_14
c_9812,i_120
c_20,i_148
c_9477,i_132
c_23646,i_51
c_24249,i_112
c_8043,i_32
c_27901,i_12
c_11566,i_103
c_5273,i_0
c_21028,i_7
c_28310,i_173
c_11529,i_155
c_31438,i_180
c_867,i_100
c_6742,i_169
c_30086,i_105
c_27668,i_46
c_18933,i_64
c_8057,i_76
c_7907,i_31
c_23509,i_81
c_20292,i_71
c_20597,i_152
c_21758,i_172
c_15539,i_77
c_22727,i_18
c_19312,i_65
c_12903,i_37
c_17716,i_86
c_24268,i_142
c_1289,i_10
c_16443,i_85
c_13431,i_152
c_14999,i_6
c_25418,i_8
c_22412,i_5
c_30031,i_140
c_6667,i_104
c_29655,i_14
c_24351,i_43
c_710,i_64
c_6985,i_168
c_28033,i_174
c_1465,i_69
c_17686,i_161
c_19795,i_31
c_10502,i_138
c_14212,i_94
c_23038,i_104
c_13847,i_49
c_18916,i_78
c_25668,i_5
c_2638,i_169
c_14456,i_70
c_13396,i_38
c_1776,i_88
c_29097,i_132
c_24606,i_78
c_1426,i_118
c_28611,i_64
c_7788,i_66
c_11564,i_65
c_17599,i_160
c_3680,i_33
c_7658,i_99
c_705,i_43
c_28323,i_49
c_11921,i_124
c_17871,i_17
c_19756,i_120
c_7176,i_1
c_3376,i_170
c_30876,i_103
c_20952,i_120
c_8506,i_119
c_15604,i_115
c_22932,i_44
c_24892,i_171
c_2068,i_11
c_25034,i_4
c_7947,i_164
c_22135,i_119
c_8372,i_24
c_23000,i_51
c_29000,i_95
c_873,i_10
c_15496,i_81
c_9677,i_144
c_4153,i_45
c_24299,i_141
c_14884,i_24
c_23345,i_47
c_27337,i_30
c_25855,i_51
c_21500,i_122
c_28843,i_33
c_14409,i_18
c_26280,i_168
c_26260,i_38
c_30277,i_113
c_17089,i_152
c_3196,i_102
c_19356,i_163
c_11078,i_120
c_19088,i_121
c_16543,i_153
c_24319,i_117
c_2385,i_164
c_4461,i_5
c_19319,i_174
c_25319,i_105
c_14224,i_110
c_13217,i_14
c_9304,i_46
c_972,i_69
c_16950,i_3
c_7093,i_52
c_8682,i_61
c_402,i_172
c_150,i_177
c_23319,i_154
c_26237,i_63
c_5826,i_154
c_20886,i_170
c_19809,i_7
c_27848,i_110
c_3261,i_29
c_796,i_40
c_7959,i_125
c_6154,i_35
c_2302,i_134
c_12431,i_98
c_18236,i_76
c_30506,i_147
c_27648,i_97
c_13753,i_118
c_13904,i_105
c_10669,i_145
c_6937,i_149
c_18305,i_66
c_25901,i_168
c_3841,i_135
c_9030,i_105
c_3643,i_45
c_22923,i_107
c_25762,i_123
c_3441,i_46
c_3265,i_106
c_22058,i_135
c_27747,i_7
c_22948,i_151
c_17904,i_172
c_30791,i_53
c_5383,i_77
c_10663,i_78
c_25854,i_49
c_4215,i_147
c_875,i_114
c_23199,i_171
c_9585,i_128
c_20738,i_105
c_19196,i_144
c_7632,i_78
c_2162,i_43
c_17768,i_77
c_1683,i_162
c_23226,i_181
c_25031,i_109
c_10292,i_32
c_26057,i_53
c_22698,i_38
c_10991,i_50
c_12704,i_144
c_9755,i_178
c_17338,i_120
c_12148,i_126
c_20285,i_145
c_4375,i_23
c_7471,i_8
c_25768,i_168
c_9837,i_13
c_25965,i_137
c_29151,i_0
c_9418,i_167
c_3483,i_57
c_12549,i_37
c_1423,i_175
c_23523,i_47
c_9939,i_54
c_14362,i_91
c_22267,i_51
c_7236,i_93
c_4934,i_119
c_20986,i_160
c_1148,i_47
c_25470,i_98
c_12318,i_6
c_11589,i_70
c_31348,i_133
c_27587,i_23
c_23219,i_38
c_14388,i_142
c_21625,i_70
c_24323,i_125
c_27337,i_151
c_27881,i_1
c_16103,i_105
c_27275,i_152
c_5226,i_104
c_26626,i_132
c_16969,i_145
c_17479,i_95
c_18446,i_179
c_7687,i_95
c_19526,i_74
c_22227,i_175
c_25006,i_101
c_8995,i_64
c_31053,i_20
c_17797,i_117
c_5002,i_98
c_7320,i_61
c_5504,i_171
c_12331,i_10
c_30328,i_73
c_7724,i_155
c_14478,i_84
c_3386,i_29
c_27797,i_156
c_14530,i_116
c_28729,i_17
c_8743,i_43
c_8533,i_0
c_16245,i_1
c_16701,i_127
c_24950,i_134
c_17862,i_130
c_23364,i_111
c_30884,i_105
c_739,i_0
c_13227,i_123
c_20829,i_160
c_27029,i_122
c_15585,i_46
c_10002,i_54
c_27886,i_154
c_19327,i_89
c_29759,i_159
c_6306,i_32
c_8068,i_140
c_19474,i_177
c_14312,i_93
c_22867,i_12
c_8662,i_66
c_7765,i_88
c_29089,i_25
c_29466,i_12
c_3702,i_58
c_16837,i_91
c_2293,i_58
c_25454,i_92
c_29859,i_131
c_16931,i_166
c_5950,i_36
c_26172,i_143
c_9085,i_91
c_30549,i_103
c_21472,i_67
c_31295,i_166
c_20267,i_103
c_26494,i_95
c_21478,i_41
c_28004,i_160
c_3553,i_22
c_15077,i_136
c_8191,i_177
c_5288,i_18
c_30557,i_90
c_24137,i_97
c_566,i_67
c_3480,i_176
c_27495,i_174
c_3066,i_114
c_5239,i_180
c_11260,i_81
c_6950,i_55
c_13379,i_175
c_22909,i_4
c_28859,i_7
c_6392,i_35
c_3676,i_128
c_8858,i_92
c_6892,i_175
c_18746,i_80
c_9260,i_176
c_20923,i_147
c_10835,i_93
c_14861,i_19
c_7006,i_109
c_2404,i_96
c_6637,i_119
c_11092,i_70
c_21861,i_163
c_24137,i_45
c_4573,i_113
c_3420,i_169
c_4188,i_157
c_4732,i_51
c_8632,i_7
c_9388,i_40
c_4822,i_57
c_715,i_165
c_21965,i_101
c_23042,i_7
c_2509,i_77
c_19296,i_9
c_4127,i_91
c_13435,i_51
c_28816,i_63
c_20926,i_1
c_26070,i_66
c_26908,i_25
c_6016,i_23
c_13627,i_152
c_2773,i_10
c_2533,i_163
c_14243,i_175
c_22458,i_74
c_19922,i_162
c_30727,i_150
c_9839,i_108
c_14504,i_70
c_26708,i_28
c_9581,i_162
c_10120,i_57
c_4645,i_0
c_28216,i_97
c_23995,i_174
c_25451,i_20
c_28042,i_66
c_7705,i_168
c_14295,i_66
c_290,i_84
c_24305,i_112
c_16310,i_68
c_22943,i_66
c_30681,i_45
c_9258,i_152
c_102,i_153
c_23889,i_2
c_4715,i_108
c_20481,i_102
c_15059,i_80
c_31331,i_170
c_25924,i_169
c_20251,i_111
c_21530,i_12
c_25049,i_151
c_21673,i_47
c_23348,i_11
c_25070,i_110
c_1030,i_107
c_481,i_13
c_4235,i_65
c_10840,i_143
c_2756,i_162
c_20497,i_54
c_13826,i_108
c_5574,i_22
c_17691,i_153
c_16844,i_128
c_6882,i_108
c_2484,i_140
c_8717,i_10
c_4087,i_136
c_1724,i_109
c_22643,i_161
c_27200,i_91
c_12490,i_40
c_13028,i_52
c_7949,i_102
c_23255,i_177
c_26572,i_59
c_26088,i_94
c_20731,i_96
c_9711,i_71
c_24889,i_164
c_31293,i_25
c_24201,i_45
c_23565,i_117
c_2600,i_159
c_29723,i_73
c_11415,i_25
c_9692,i_22
c_12405,i_65
c_5457,i_147
c_10193,i_62
c_8150,i_183
c_3074,i_132
c_9326,i_34
c_21751,i_9
c_12071,i_128
c_27268,i_65
c_5444,i_49
c_17063,i_31
c_30272,i_167
c_11433,i_71
c_22480,i_154
c_23752,i_164
c_23164,i_147
c_11852,i_6
c_4775,i_182
c_6609,i_148
c_12764,i_70
c_11925,i_30
c_114,i_78
c_11328,i_26
c_29760,i_143
c_6853,i_68
c_13428,i_50
c_2388,i_13
c_1533,i_133
c_543,i_28
c_18981,i_125
c_17433,i_34
c_2054,i_10
c_26784,i_177
c_17796,i_86
c_2003,i_59
c_8991,i_180
c_2730,i_161
c_11515,i_31
c_9996,i_35
c_13619,i_83
c_30023,i_11
c_27992,i_42
c_14327,i_105
c_28536,i_34
c_25323,i_71
c_15557,i_61
c_5006,i_111
c_5201,i_171
c_20345,i_24
c_25948,i_73
c_13426,i_148
c_28904,i_60
c_29504,i_124
c_19666,i_132
c_17031,i_140
c_26451,i_105
c_22803,i_146
c_11505,i_5
c_6454,i_129
c_7020,i_179
c_24815,i_119
c_16989,i_44
c_2397,i_123
c_15787,i_31
c_11158,i_87
c_29961,i_48
c_12826,i_163
c_19053,i_42
c_26047,i_23
c_17999,i_110
c_19833,i_176
c_6820,i_49
c_5286,i_135
c_30793,i_67
c_6368,i_77
c_20099,i_151
c_16837,i_83
c_9121,i_106
c_25879,i_85
c_18719,i_157
c_25312,i_101
c_26088,i_135
c_5733,i_154
c_2832,i_79
c_10262,i_63
c_12700,i_48
c_20128,i_27
c_31311,i_97
c_26253,i_42
c_16815,i_120
c_19520,i_163
c_5955,i_162
c_18668,i_143
c_7724,i_169
c_24581,i_172
c_9179,i_162
c_14530,i_78
c_24114,i_2
c_19340,i_143
c_6320,i_31
c_13183,i_1
c_25676,i_49
c_23794,i_152
c_3828,i_86
c_3761,i_32
c_28060,i_135
c_8719,i_74
c_26861,i_130
c_10831,i_53
c_7235,i_133
c_2736,i_52
c_3234,i_84
c_17244,i_93
c_11222,i_89
c_31256,i_52
c_25698,i_97
c_28762,i_181
c_21115,i_62
c_24386,i_55
c_30609,i_112
c_13399,i_39
c_10726,i_98
c_23563,i_0
c_9096,i_105
c_5023,i_96
c_12745,i_94
c_31030,i_63
c_11074,i_21
c_18538,i_33
c_8319,i_69
c_26158,i_57
c_22512,i_118
c_22501,i_51
c_12585,i_123
c_10611,i_2
c_30537,i_133
c_20044,i_50
c_28152,i_52
c_21911,i_166
c_13085,i_105
c_14123,i_90
c_11523,i_61
c_29505,i_27
c_14848,i_172
c_20082,i_9
c_12235,i_107
c_3374,i_167
c_27362,i_54
c_17439,i_179
c_2923,i_104
c_29212,i_122
c_14034,i_21
c_26319,i_167
c_26849,i_66
c_4783,i_95
c_2495,i_154
c_13937,i_0
c_5911,i_124
c_3557,i_142
c_18236,i_167
c_7134,i_172
c_20871,i_168
c_4107,i_56
c_16477,i_65
c_22696,i_71
c_15353,i_84
c_678,i_103
c_24745,i_120
c_28081,i_40
c_14742,i_49
c_29806,i_47
c_27361,i_138
c_1188,i_182
c_30436,i_155
c_29115,i_150
c_16923,i_111
c_275,i_99
c_28540,i_177
c_22433,i_164
c_18692,i_128
c_10907,i_90
c_7557,i_44
c_13045,i_105
c_333,i_160
c_805,i_81
c_6374,i_165
c_20551,i_144
c_24901,i_145
c_26237,i_149
c_15185,i_3
c_26266,i_130
c_22890,i_132
c_8109,i_64
c_16080,i_33
c_30963,i_113
c_6342,i_158
c_1909,i_182
c_29570,i_35
c_27399,i_159
c_830,i_102
c_25316,i_116
c_24525,i_124
c_13185,i_24
c_8335,i_173
c_1543,i_47
c_927,i_112
c_30916,i_17
c_10171,i_175
c_14406,i_182
c_1054,i_6
c_6739,i_90
c_18730,i_149
c_41,i_30
c_19217,i_106
c_28598,i_153
c_13621,i_12
c_29144,i_155
c_20120,i_65
c_27797,i_124
c_21644,i_70
c_23035,i_56
c_11699,i_136
c_8063,i_50
c_17019,i_170
c_8922,i_94
c_17150,i_31
c_25922,i_90
c_16482,i_103
c_1723,i_140
c_14303,i_10
c_11451,i_94
c_25432,i_31
c_22374,i_56
c_7737,i_105
c_24945,i_158
c_13220,i_167
c_25936,i_133
c_10282,i_65
c_27560,i_154
c_19063,i_132
c_15712,i_42
c_28671,i_173
c_26402,i_143
c_10662,i_6
c_21567,i_183
c_7346,i_127
c_22119,i_163
c_18447,i_183
c_8925,i_110
c_11324,i_41
c_119,i_2
c_11872,i_99
c_16821,i_182
c_26862,i_109
c_15643,i_148
c_22020,i_96
c_15664,i_57
c_5888,i_30
c_3321,i_120
c_15155,i_59
c_25662,i_34
c_7511,i_175
c_26607,i_23
c_17464,i_117
c_23320,i_8
c_28101,i_26
c_15119,i_35
c_8810,i_150
c_2511,i_92
c_27519,i_28
c_7538,i_69
c_21349,i_152
c_18476,i_178
c_31172,i_113
c_660,i_104
c_22491,i_70
c_4394,i_157
c_2510,i_171
c_12702,i_162
c_23567,i_28
c_25179,i_148
c_21956,i_126
c_13544,i_18
c_14705,i_182
c_26139,i_91
c_13145,i_124
c_4199,i_135
c_21613,i_128
c_27901,i_61
c_5406,i_149
c_16020,i_85
c_10348,i_76
c_1038,i_104
c_3613,i_153
c_531,i_141
c_10809,i_93
c_24583,i_130
c_17980,i_94
c_478,i_83
c_19244,i_80
c_11058,i_69
c_20871,i_3
c_1370,i_38
c_24498,i_3
c_20840,i_3
c_28651,i_32
c_22560,i_24
c_23049,i_125
c_20190,i_14
c_15410,i_7
c_30517,i_112
c_21342,i_111
c_19835,i_43
c_16049,i_27
c_14702,i_5
c_7910,i_100
c_20672,i_168
c_21186,i_53
c_656,i_169
c_17421,i_21
c_10636,i_155
c_7361,i_67
c_7786,i_57
c_25958,i_53
c_7463,i_99
c_23439,i_57
c_20172,i_99
c_25377,i_50
c_25201,i_98
c_14091,i_179
c_12940,i_58
c_16963,i_74
c_9890,i_131
c_16246,i_39
c_11152,i_176
c_26821,i_84
c_30360,i_24
c_26140,i_142
c_28818,i_88
c_13760,i_178
c_11752,i_142
c_3266,i_76
c_8246,i_150
c_821,i_114
c_30219,i_98
c_11245,i_7
c_25667,i_153
c_8450,i_151
c_24749,i_42
c_19421,i_134
c_12752,i_28
c_14649,i_117
c_11685,i_172
c_11907,i_99
c_21692,i_178
c_10402,i_166
c_3681,i_14
c_16564,i_51
c_29360,i_119
c_30428,i_47
c_8646,i_126
c_9931,i_4
c_8708,i_134
c_25116,i_118
c_30345,i_122
c_17912,i_72
c_28685,i_49
c_30844,i_55
c_16803,i_75
c_8293,i_23
c_14848,i_134
c_11965,i_20
c_13034,i_136
c_4570,i_140
c_14867,i_104
c_9702,i_94
c_2801,i_148
c_23837,i_13
c_21270,i_75
c_6969,i_12
c_7908,i_1
c_29739,i_139
c_3018,i_2
c_9927,i_28
c_17,i_17
c_21057,i_88
c_17878,i_128
c_14173,i_127
c_31083,i_64
c_3542,i_173
c_20706,i_163
c_22661,i_126
c_6419,i_107
c_12730,i_149
c_17887,i_179
c_13939,i_37
c_28676,i_101
c_3881,i_1
c_2369,i_6
c_18435,i_69
c_1408,i_53
c_19548,i_10
c_130,i_118
c_21632,i_132
c_2149,i_142
c_17215,i_175
c_19821,i_5
c_20277,i_1
c_13285,i_106
c_16057,i_40
c_11261,i_5
c_5704,i_127
c_21134,i_48
c_14714,i_10
c_9423,i_157
c_29468,i_17
c_2899,i_73
c_3263,i_12
c_19241,i_171
c_19642,i_120
c_28772,i_118
c_21245,i_172
c_3557,i_107
c_13405,i_102
c_29973,i_109
c_368,i_126
c_18459,i_6
c_19729,i_180
c_15835,i_37
c_6885,i_35
c_8811,i_26
c_6722,i_55
c_27031,i_45
c_7389,i_76
c_24107,i_174
c_20619,i_179
c_2718,i_41
c_21297,i_11
c_26299,i_131
c_20618,i_46
c_9824,i_168
c_24578,i_34
c_20944,i_44
c_26790,i_145
c_21645,i_107
c_10274,i_161
c_24323,i_136
c_9438,i_152
c_26451,i_72
c_17695,i_70
c_23742,i_0
c_27099,i_15
c_10027,i_25
c_2386,i_182
c_2396,i_164
c_29090,i_31
c_31118,i_173
c_27957,i_118
c_13671,i_125
c_5875,i_180
c_121,i_138
c_13225,i_153
c_24166,i_87
c_14441,i_59
c_22754,i_144
c_5577,i_144
c_637,i_12
c_3704,i_26
c_18414,i_111
c_22226,i_89
c_26959,i_52
c_5338,i_116
c_19005,i_80
c_10463,i_77
c_2496,i_138
c_28669,i_64
c_29938,i_182
c_16535,i_141
c_31060,i_105
c_14909,i_182
c_23703,i_100
c_23640,i_138
c_25870,i_1
c_10400,i_25
c_31035,i_28
c_28754,i_43
c_14880,i_61
c_16935,i_11
c_23100,i_84
c_10932,i_66
c_20474,i_106
c_24302,i_113
c_18746,i_134
c_15387,i_139
c_12494,i_153
c_9622,i_3
c_7380,i_168
c_29077,i_124
c_2607,i_68
c_2349,i_83
c_25119,i_80
c_12478,i_24
c_210,i_54
c_2767,i_131
c_17990,i_172
c_30854,i_117
c_28437,i_81
c_24933,i_127
c_20241,i_140
c_6246,i_75
c_26195,i_105
c_2980,i_49
c_5764,i_33
c_5610,i_57
c_23219,i_139
c_22641,i_15
c_25077,i_74
c_20921,i_160
c_28749,i_10
c_14912,i_52
c_21653,i_5
c_11177,i_44
c_28823,i_55
c_10351,i_38
c_3968,i_112
c_10409,i_35
c_25585,i_156
c_4684,i_135
c_14961,i_35
c_26715,i_139
c_24220,i_89
c_8240,i_180
c_29094,i_48
c_28301,i_32
c_22107,i_123
c_14252,i_120
c_29753,i_113
c_24550,i_156
c_15170,i_175
c_30329,i_57
c_21977,i_113
c_21916,i_15
c_11564,i_128
c_16795,i_95
c_21052,i_27
c_17303,i_30
c_22130,i_176
c_25585,i_35
c_8696,i_177
c_21809,i_151
c_9054,i_163
c_30614,i_173
c_27742,i_43
c_3680,i_43
c_28489,i_143
c_1139,i_90
c_11667,i_11
c_18850,i_84
c_3137,i_178
c_24078,i_51
c_20706,i_85
c_30451,i_71
c_23472,i_34
c_27104,i_161
c_684,i_77
c_28919,i_153
c_24380,i_163
c_2382,i_142
c_24084,i_108
c_25196,i_181
c_6898,i_131
c_17816,i_178
c_8534,i_4
c_21501,i_44
c_14688,i_108
c_27053,i_124
c_30223,i_124
c_13194,i_169
c_16871,i_77
c_7940,i_111
c_15509,i_110
c_27855,i_156
c_27619,i_75
c_10410,i_66
c_27506,i_38
c_21824,i_134
c_23865,i_170
c_25959,i_86
c_9395,i_83
c_20465,i_139
c_26253,i_183
c_13868,i_152
c_7934,i_165
c_17240,i_38
c_8675,i_15
c_20856,i_70
c_13382,i_132
c_507,i_96
c_655,i_45
c_22738,i_99
c_17991,i_111
c_23518,i_140
c_2767,i_133
c_6353,i_68
c_1654,i_117
c_24453,i_32
c_3126,i_20
c_22904,i_92
c_6696,i_2
c_30971,i_139
c_11573,i_125
c_7298,i_92
c_17729,i_151
c_14896,i_13
c_7424,i_14
c_29859,i_34
c_19050,i_177
c_10986,i_40
c_10277,i_43
c_20545,i_175
c_2132,i_11
c_12766,i_119
c_24389,i_9
c_27858,i_149
c_14054,i_50
c_29524,i_160
c_15062,i_134
c_21409,i_22
c_18576,i_63
c_6566,i_79
c_25708,i_130
c_20675,i_182
c_2243,i_26
c_7883,i_23
c_11195,i_182
c_6382,i_178
c_14885,i_135
c_8494,i_46
c_24536,i_119
c_10746,i_34
c_13593,i_182
c_404,i_135
c_25862,i_103
c_2359,i_65
c_12863,i_12
c_23290,i_111
c_14161,i_63
c_27851,i_167
c_15290,i_33
c_7959,i_16
c_14079,i_52
c_4749,i_174
c_26735,i_130
c_16520,i_173
c_20042,i_178
c_24541,i_80
c_29167,i_34
c_20278,i_44
c_30667,i_180
c_15772,i_174
c_9716,i_102
c_2966,i_169
c_2628,i_85
c_2110,i_153
c_13885,i_39
c_12105,i_53
c_21597,i_34
c_30823,i_120
c_29554,i_80
c_19617,i_97
c_2372,i_124
c_1892,i_66
c_15684,i_63
c_30326,i_151
c_27945,i_133
c_7298,i_116
c_11159,i_153
c_1493,i_28
c_22870,i_78
c_22600,i_150
c_28948,i_23
c_203,i_110
c_22263,i_142
c_30982,i_36
c_24096,i_43
c_22388,i_43
c_27991,i_116
c_26436,i_88
c_23118,i_136
c_4178,i_178
c_28494,i_92
c_8080,i_32
c_23153,i_24
c_19488,i_21
c_3388,i_92
c_23680,i_67
c_12974,i_52
c_7798,i_147
c_18447,i_24
c_4400,i_113
c_15056,i_86
c_29412,i_104
c_1641,i_17
c_1935,i_70
c_28773,i_15
c_11017,i_150
c_8690,i_65
c_21421,i_71
c_1580,i_22
c_15937,i_157
c_6665,i_154
c_5334,i_143
c_5165,i_17
c_28909,i_87
c_31374,i_45
c_25418,i_65
c_5650,i_37
c_19507,i_92
c_9059,i_0
c_15880,i_129
c_18870,i_47
c_18797,i_88
c_2902,i_162
c_16160,i_13
c_20498,i_106
c_4301,i_63
c_27457,i_147
c_30720,i_33
c_22097,i_100
c_30955,i_60
c_17420,i_141
c_6443,i_121
c_25007,i_48
c_270,i_135
c_30789,i_111
c_31041,i_84
c_25270,i_142
c_23791,i_180
c_26553,i_139
c_3016,i_178
c_21135,i_147
c_10652,i_78
c_24288,i_62
c_3345,i_47
c_18948,i_7
c_29856,i_105
c_25290,i_90
c_28835,i_90
c_479,i_116
c_29304,i_85
c_453,i_117
c_16097,i_6
c_2450,i_113
c_21511,i_23
c_12624,i_120
c_12599,i_19
c_11628,i_59
c_26161,i_20
c_1341,i_173
c_1902,i_91
c_19766,i_41
c_7445,i_41
c_368,i_7
c_28578,i_22
c_16860,i_38
c_27937,i_167
c_2962,i_32
c_19056,i_48
c_23251,i_109
c_4561,i_15
c_24678,i_37
c_3208,i_88
c_2569,i_104
c_30344,i_124
c_9168,i_151
c_16935,i_69
c_2914,i_175
c_25820,i_13
c_24072,i_152
c_1845,i_0
c_251,i_86
c_5510,i_101
c_3501,i_39
c_6436,i_80
c_16039,i_45
c_14246,i_64
c_16666,i_137
c_9327,i_75
c_1104,i_165
c_26859,i_145
c_30973,i_150
c_19605,i_140
c_16113,i_86
c_5948,i_9
c_12783,i_168
c_6658,i_158
c_9708,i_65
c_10453,i_44
c_25688,i_87
c_16817,i_133
c_2623,i_51
c_70,i_82
c_6586,i_77
c_10280,i_23
c_3941,i_116
c_26775,i_117
c_27530,i_18
c_3004,i_55
c_13698,i_147
c_9737,i_168
c_17441,i_149
c_15500,i_118
c_21208,i_32
c_17599,i_47
c_5964,i_99
c_30111,i_155
c_11332,i_25
c_963,i_152
c_29494,i_155
c_28580,i_151
c_30827,i_166
c_20468,i_16
c_18202,i_62
c_22427,i_42
c_534,i_125
c_10764,i_156
c_13443,i_39
c_14077,i_52
c_12681,i_172
c_31196,i_110
c_11078,i_151
c_6280,i_51
c_15820,i_143
c_6724,i_86
c_27252,i_84
c_13348,i_108
c_24292,i_92
c_31370,i_51
c_29579,i_71
c_8304,i_50
c_22712,i_108
c_10356,i_42
c_5135,i_21
c_23243,i_115
c_30813,i_75
c_28697,i_60
c_31305,i_76
c_29453,i_45
c_28685,i_30
c_15640,i_109
c_10611,i_125
c_7744,i_126
c_19723,i_82
c_4013,i_3
c_27495,i_65
c_26998,i_39
c_14493,i_47
c_14832,i_118
c_17457,i_119
c_19479,i_173
c_14067,i_97
c_11870,i_5
c_5287,i_88
c_26552,i_128
c_30563,i_5
c_29862,i_48
c_30992,i_77
c_21764,i_66
c_16635,i_144
c_12897,i_43
c_17414,i_165
c_31024,i_23
c_17207,i_94
c_7196,i_71
c_31205,i_99
c_11097,i_151
c_19762,i_36
c_331,i_145
c_3494,i_134
c_26731,i_41
c_5235,i_173
c_22747,i_99
c_3308,i_98
c_12837,i_32
c_4623,i_6
c_9148,i_150
c_4640,i_42
c_829,i_25
c_2716,i_183
c_24700,i_84
c_28727,i_119
c_16488,i_175
c_20745,i_134
c_208,i_1
c_840,i_20
c_15507,i_167
c_2984,i_22
c_25819,i_110
c_14740,i_76
c_29765,i_163
c_20679,i_39
c_26665,i_94
c_21948,i_35
c_2224,i_83
c_25903,i_82
c_19728,i_114
c_20911,i_53
c_22092,i_28
c_18842,i_84
c_8793,i_36
c_21130,i_128
c_26736,i_119
c_23910,i_8
c_5444,i_150
c_18537,i_142
c_1009,i_21
c_21614,i_99
c_178,i_61
c_17503,i_41
c_6799,i_13
c_8491,i_47
c_18254,i_84
c_5356,i_24
c_29965,i_182
c_27083,i_1
c_25191,i_88
c_29391,i_101
c_20977,i_69
c_27936,i_125
c_1418,i_173
c_25745,i_132
c_3333,i_32
c_1359,i_159
c_15224,i_116
c_20987,i_82
c_27929,i_123
c_13345,i_52
c_1619,i_143
c_3936,i_0
c_18150,i_85
c_25146,i_149
c_5280,i_144
c_1570,i_27
c_19206,i_69
c_22675,i_107
c_16893,i_134
c_11726,i_177
c_9024,i_24
c_4322,i_157
c_1957,i_149
c_4766,i_106
c_5510,i_91
c_14851,i_10
c_31225,i_70
c_6616,i_33
c_4987,i_167
c_30551,i_79
c_13900,i_71
c_13738,i_82
c_22333,i_123
c_7095,i_133
c_20115,i_82
c_7839,i_64
c_27943,i_88
c_16712,i_162
c_25922,i_37
c_13391,i_144
c_9435,i_26
c_12397,i_56
c_22634,i_159
c_23478,i_183
c_25246,i_85
c_2943,i_46
c_9941,i_17
c_30263,i_152
c_14091,i_162
c_10445,i_106
c_4861,i_62
c_14911,i_174
c_10399,i_85
c_11162,i_24
c_5757,i_92
c_4382,i_161
c_13024,i_36
c_14209,i_99
c_30161,i_61
c_1546,i_154
c_10421,i_10
c_14176,i_1
c_24852,i_132
c_15761,i_145
c_11134,i_91
c_13806,i_132
c_20981,i_43
c_4812,i_173
c_2599,i_84
c_29318,i_27
c_10086,i_155
c_6865,i_69
c_13048,i_36
c_23776,i_0
c_27419,i_10
c_18926,i_38
c_6870,i_75
c_13868,i_178
c_25757,i_30
c_27777,i_15
c_760,i_65
c_18767,i_146
c_3079,i_74
c_23814,i_176
c_14125,i_132
c_20011,i_102
c_2943,i_177
c_25502,i_46
c_25898,i_27
c_17310,i_178
c_30713,i_1
c_2791,i_60
c_11524,i_157
c_27964,i_91
c_21923,i_48
c_26571,i_148
c_19267,i_102
c_19402,i_85
c_15023,i_123
c_25876,i_87
c_22239,i_103
c_25770,i_119
c_22575,i_161
c_6473,i_67
c_19179,i_100
c_25324,i_107
c_25565,i_10
c_31464,i_93
c_4011,i_111
c_21943,i_162
c_5472,i_140
c_4835,i_175
c_6190,i_15
c_11088,i_65
c_7611,i_73
c_23894,i_19
c_7097,i_24
c_23434,i_163
c_25924,i_76
c_17903,i_136
c_23720,i_154
c_22357,i_155
c_22640,i_20
c_26481,i_47
c_5408,i_183
c_9700,i_134
c_31227,i_34
c_8794,i_6
c_5675,i_113
c_11837,i_23
c_29172,i_77
c_18328,i_154
c_8196,i_90
c_15631,i_104
c_10199,i_114
c_20909,i_35
c_23064,i_111
c_17812,i_73
c_20558,i_1
c_15031,i_135
c_19116,i_141
c_15460,i_14
c_12858,i_72
c_12661,i_163
c_13460,i_176
c_15545,i_136
c_4582,i_112
c_2997,i_113
c_28627,i_152
c_11369,i_37
c_549,i_135
c_5356,i_172
c_16295,i_1
c_22126,i_152
c_7725,i_69
c_18073,i_76
c_12136,i_28
c_22520,i_5
c_4312,i_148
c_10144,i_26
c_6798,i_152
c_8989,i_51
c_14207,i_115
c_6378,i_130
c_22790,i_27
c_1877,i_129
c_1776,i_84
c_11734,i_33
c_6338,i_161
c_28906,i_47
c_471,i_15
c_28869,i_123
c_12671,i_170
c_14330,i_145
c_15236,i_103
c_19733,i_167
c_8528,i_114
c_8210,i_142
c_5206,i_114
c_10475,i_146
c_13160,i_150
c_25911,i_17
c_6671,i_109
c_13913,i_104
c_2585,i_156
c_18254,i_93
c_11186,i_118
c_19129,i_73
c_592,i_77
c_16662,i_58
c_25315,i_69
c_5663,i_126
c_5186,i_19
c_21705,i_156
c_6746,i_7
c_28931,i_132
c_18709,i_116
c_13752,i_63
c_10277,i_151
c_10780,i_2
c_16599,i_83
c_11751,i_81
c_6539,i_173
c_18170,i_156
c_25682,i_137
c_16326,i_85
c_21919,i_126
c_17473,i_61
c_953,i_137
c_9978,i_23
c_20741,i_100
c_1485,i_174
c_7769,i_166
c_24923,i_101
c_5801,i_101
c_19846,i_84
c_4554,i_23
c_28755,i_103
c_17129,i_152
c_22355,i_142
c_30610,i_139
c_21441,i_22
c_7869,i_95
c_2704,i_94
c_29482,i_71
c_26163,i_75
c_13534,i_50
c_6943,i_156
c_18764,i_127
c_16740,i_22
c_30431,i_156
c_2175,i_145
c_24864,i_52
c_23590,i_19
c_583,i_4
c_19782,i_44
c_5372,i_126
c_4987,i_64
c_12153,i_167
c_6396,i_134
c_28005,i_181
c_4907,i_80
c_7304,i_160
c_18492,i_118
c_29491,i_135
c_20049,i_41
c_2597,i_152
c_20242,i_12
c_7105,i_108
c_416,i_97
c_28991,i_98
c_15559,i_7
c_27300,i_12
c_320,i_80
c_19758,i_126
c_29087,i_79
c_4956,i_147
c_17387,i_114
c_14913,i_30
c_30147,i_103
c_17212,i_183
c_10460,i_4
c_15057,i_151
c_4009,i_102
c_14142,i_131
c_27946,i_62
c_25801,i_17
c_19443,i_135
c_2175,i_100
c_28117,i_3
c_18481,i_8
c_19809,i_160
c_11585,i_157
c_13821,i_28
c_24332,i_116
c_15884,i_33
c_27136,i_67
c_4148,i_94
c_13702,i_88
c_6950,i_79
c_18461,i_144
c_6488,i_72
c_13412,i_179
c_17087,i_4
c_16686,i_38
c_22321,i_35
c_29613,i_1
c_2268,i_73
c_14684,i_143
c_2808,i_44
c_23872,i_137
c_7548,i_161
c_18650,i_94
c_6904,i_47
c_31421,i_85
c_28858,i_73
c_18018,i_72
c_836,i_135
c_24425,i_37
c_10732,i_142
c_27578,i_12
c_1039,i_61
c_25756,i_115
c_4754,i_10
c_5316,i_24
c_26100,i_62
c_15933,i_168
c_6504,i_55
c_11375,i_154
c_1159,i_135
c_18827,i_71
c_24664,i_176
c_13788,i_91
c_4374,i_91
c_22211,i_87
c_12064,i_27
c_8328,i_69
c_4463,i_117
c_9831,i_108
c_28445,i_77
c_18146,i_105
c_9491,i_11
c_2467,i_109
c_1151,i_18
c_2129,i_36
c_24392,i_43
c_7154,i_86
c_12862,i_161
c_27119,i_71
c_8081,i_182
c_29792,i_87
c_566,i_21
c_20336,i_58
c_29021,i_148
c_17180,i_33
c_26349,i_53
c_29683,i_127
c_23903,i_53
c_19565,i_156
c_2957,i_19
c_3994,i_179
c_16717,i_18
c_15816,i_175
c_22415,i_99
c_21626,i_53
c_2468,i_124
c_3669,i_37
c_27719,i_18
c_30463,i_116
c_18126,i_67
c_1759,i_181
c_9720,i_28
c_24842,i_125
c_26991,i_23
c_10308,i_19
c_966,i_69
c_23891,i_37
c_23826,i_116
c_24875,i_66
c_23477,i_165
c_15243,i_34
c_13226,i_30
c_10407,i_40
c_28180,i_140
c_31339,i_150
c_10647,i_96
c_20366,i_13
c_6622,i_117
c_2499,i_36
c_11447,i_42
c_27802,i_17
c_12004,i_123
c_25952,i_21
c_24731,i_167
c_8970,i_170
c_15763,i_27
c_6193,i_159
c_5741,i_107
c_4634,i_37
c_31213,i_65
c_1967,i_71
c_8128,i_44
c_4175,i_84
c_15376,i_151
c_14260,i_164
c_10056,i_140
c_19345,i_99
c_20707,i_24
c_18819,i_40
c_2841,i_7
c_9883,i_75
c_27957,i_102
c_15929,i_103
c_1030,i_120
c_17982,i_47
c_23407,i_17
c_6243,i_24
c_7769,i_103
c_30548,i_148
c_12191,i_84
c_28475,i_173
c_19839,i_58
c_6835,i_29
c_9679,i_179
c_4297,i_45
c_6661,i_80
c_8856,i_31
c_19620,i_45
c_15106,i_158
c_15499,i_49
c_24775,i_179
c_26361,i_160
c_25008,i_150
c_15387,i_125
c_16173,i_106
c_19159,i_75
c_24563,i_138
c_18240,i_101
c_5516,i_60
c_20805,i_70
c_7437,i_133
c_5604,i_149
c_10172,i_98
c_31050,i_53
c_299,i_147
c_18133,i_152
c_4652,i_59
c_26994,i_168
c_16082,i_141
c_31400,i_169
c_10028,i_137
c_29898,i_50
c_4884,i_81
c_19417,i_78
c_1343,i_65
c_25792,i_149
c_14867,i_1
c_28172,i_105
c_19001,i_129
c_19177,i_140
c_30799,i_125
c_28159,i_18
c_20224,i_156
c_31115,i_181
c_11282,i_112
c_10367,i_14
c_29658,i_107
c_14347,i_93
c_16876,i_164
c_23532,i_178
c_1739,i_97
c_6824,i_152
c_8849,i_150
c_20824,i_141
c_18843,i_150
c_5199,i_77
c_16964,i_144
c_13282,i_18
c_21950,i_92
c_10041,i_146
c_11194,i_107
c_19277,i_142
c_27270,i_114
c_27326,i_4
c_26219,i_155
c_5640,i_58
c_24239,i_37
c_13290,i_176
c_9947,i_6
c_27552,i_27
c_11686,i_121
c_31252,i_162
c_9630,i_15
c_1894,i_25
c_13495,i_88
c_5302,i_152
c_13752,i_153
c_25241,i_72
c_21078,i_12
c_11496,i_115
c_10181,i_69
c_22957,i_147
c_9958,i_142
c_2433,i_124
c_10898,i_114
c_9819,i_158
c_1865,i_72
c_12522,i_85
c_10410,i_121
c_13271,i_36
c_24446,i_117
c_11137,i_10
c_7309,i_73
c_19969,i_33
c_18264,i_116
c_8435,i_163
c_14981,i_14
c_3764,i_62
c_20552,i_180
c_16354,i_23
c_25918,i_73
c_25891,i_0
c_15884,i_43
c_27034,i_49
c_10516,i_179
c_26781,i_159
c_16749,i_78
c_1467,i_91
c_29420,i_74
c_9508,i_171
c_3159,i_129
c_13731,i_156
c_16844,i_143
c_23288,i_65
c_19242,i_17
c_19016,i_82
c_11460,i_167
c_3556,i_181
c_14419,i_61
c_9436,i_26
c_14075,i_95
c_31326,i_85
c_23591,i_11
c_3156,i_183
c_6866,i_103
c_4603,i_113
c_26790,i_127
c_17300,i_69
c_6892,i_60
c_1195,i_65
c_19171,i_0
c_2862,i_135
c_13463,i_18
c_15645,i_86
c_23804,i_8
c_29605,i_174
c_8290,i_63
c_15298,i_68
c_18337,i_13
c_30701,i_148
c_22798,i_80
c_2328,i_123
c_12166,i_18
c_1355,i_120
c_3451,i_64
c_593,i_130
c_12322,i_38
c_24255,i_20
c_11640,i_34
c_18729,i_127
c_7727,i_35
c_17034,i_103
c_2673,i_15
c_19343,i_93
c_19926,i_64
c_3418,i_6
c_30577,i_105
c_26131,i_27
c_21022,i_63
c_15423,i_82
c_16903,i_16
c_28019,i_0
c_24773,i_44
c_28176,i_73
c_9701,i_106
c_3820,i_164
c_18206,i_129
c_28389,i_116
c_16342,i_153
c_29138,i_57
c_11515,i_83
c_18874,i_106
c_11545,i_75
c_28702,i_171
c_1570,i_49
c_22954,i_45
c_16245,i_119
c_12395,i_136
c_28469,i_56
c_25048,i_7
c_251,i_27
c_2783,i_181
c_4981,i_24
c_26430,i_11
c_29686,i_103
c_22628,i_176
c_3434,i_91
c_3568,i_69
c_12881,i_38
c_24270,i_159
c_19840,i_50
c_19551,i_50
c_30170,i_92
c_29420,i_143
c_17140,i_139
c_11286,i_53
c_21742,i_62
c_26315,i_148
c_8308,i_7
c_2216,i_79
c_20539,i_131
c_22837,i_24
c_7262,i_134
c_13393,i_179
c_9068,i_30
c_6272,i_150
c_11072,i_36
c_24565,i_180
c_19674,i_52
c_23195,i_69
c_1014,i_183
c_12737,i_40
c_12060,i_183
c_14992,i_89
c_22599,i_181
c_8994,i_59
c_12519,i_48
c_19455,i_64
c_16226,i_22
c_7596,i_83
c_24940,i_69
c_22559,i_79
c_24055,i_7
c_15433,i_165
c_24499,i_85
c_25697,i_34
c_18868,i_51
c_28064,i_110
c_6494,i_91
c_21531,i_115
c_28207,i_152
c_8633,i_89
c_17785,i_164
c_31247,i_75
c_7805,i_103
c_7770,i_169
c_6716,i_167
c_9297,i_104
c_7562,i_102
c_30859,i_145
c_30611,i_20
c_29300,i_145
c_8777,i_126
c_23004,i_33
c_4282,i_17
c_17455,i_70
c_26284,i_118
c_6701,i_125
c_26508,i_59
c_16777,i_84
c_21536,i_12
c_27562,i_107
c_16454,i_143
c_1565,i_15
c_6192,i_165
c_4498,i_34
c_757,i_153
c_2420,i_76
c_19852,i_87
c_26813,i_108
c_5916,i_86
c_9503,i_124
c_2048,i_52
c_17417,i_147
c_18109,i_61
c_22605,i_160
c_4759,i_37
c_13031,i_114
c_20934,i_75
c_14420,i_7
c_31156,i_48
c_4026,i_110
c_8388,i_168
c_12694,i_48
c_3771,i_74
c_19432,i_165
c_26025,i_19
c_14749,i_74
c_29747,i_106
c_649,i_96
c_2929,i_62
c_4411,i_40
c_14543,i_144
c_30815,i_99
c_21080,i_23
c_23098,i_138
c_26741,i_13
c_18471,i_115
c_17763,i_90
c_14319,i_92
c_30508,i_169
c_29549,i_97
c_21798,i_114
c_2819,i_76
c_1405,i_122
c_14892,i_51
c_2982,i_156
c_2983,i_153
c_31310,i_150
c_20473,i_42
c_22955,i_92
c_17025,i_157
c_23693,i_62
c_14376,i_114
c_1142,i_135
c_7956,i_169
c_26901,i_123
c_7444,i_25
c_2260,i_111
c_30882,i_86
c_19015,i_151
c_25682,i_21
c_7080,i_97
c_22677,i_39
c_30774,i_79
c_15621,i_96
c_24597,i_37
c_18637,i_128
c_13493,i_91
c_10591,i_66
c_16020,i_128
c_30631,i_41
c_9060,i_154
c_12843,i_179
c_3547,i_24
c_19132,i_74
c_9894,i_123
c_24476,i_73
c_5870,i_65
c_23083,i_54
c_9351,i_154
c_11165,i_150
c_14078,i_61
c_8870,i_17
c_11161,i_53
c_18205,i_162
c_15880,i_182
c_11569,i_65
c_5672,i_35
c_6943,i_97
c_9030,i_83
c_4690,i_52
c_26402,i_89
c_18618,i_173
c_26767,i_161
c_14005,i_69
c_3792,i_34
c_9641,i_36
c_9914,i_144
c_8347,i_171
c_29092,i_76
c_7099,i_157
c_1584,i_64
c_11912,i_171
c_15806,i_159
c_11313,i_159
c_14487,i_49
c_12002,i_41
c_4967,i_130
c_6454,i_16
c_31134,i_21
c_18061,i_63
c_8636,i_62
c_29149,i_100
c_22175,i_100
c_19525,i_120
c_22080,i_51
c_2881,i_59
c_30813,i_128
c_8839,i_39
c_28585,i_25
c_21711,i_28
c_29165,i_66
c_12406,i_183
c_7921,i_15
c_16255,i_127
c_747,i_1
c_16323,i_40
c_4002,i_158
c_14251,i_85
c_10995,i_161
c_1330,i_31
c_18219,i_159
c_15758,i_84
c_11895,i_163
c_23733,i_99
c_14774,i_37
c_21835,i_158
c_10778,i_161
c_3964,i_120
c_2210,i_174
c_27060,i_53
c_10427,i_155
c_10546,i_43
c_14748,i_20
c_16669,i_121
c_22997,i_158
c_821,i_65
c_1091,i_128
c_19045,i_33
c_10231,i_121
c_20556,i_151
c_12603,i_181
c_6057,i_49
c_23492,i_144
c_11196,i_87
c_25445,i_124
c_17622,i_19
c_19692,i_67
c_23020,i_32
c_1579,i_35
c_7788,i_136
c_14366,i_128
c_4668,i_23
c_24125,i_180
c_1219,i_179
c_8750,i_51
c_28267,i_160
c_11967,i_178
c_17520,i_45
c_8025,i_38
c_11987,i_67
c_23784,i_39
c_12350,i_55
c_14943,i_126
c_4075,i_91
c_15541,i_123
c_3743,i_60
c_1912,i_173
c_1961,i_37
c_4339,i_71
c_12576,i_144
c_30725,i_20
c_6607,i_62
c_11791,i_36
c_23253,i_158
c_7264,i_174
c_7953,i_95
c_8785,i_141
c_4666,i_65
c_25964,i_180
c_1625,i_108
c_17756,i_91
c_31265,i_105
c_29795,i_10
c_19055,i_38
c_11530,i_121
c_3099,i_22
c_23752,i_16
c_0,i_67
c_7626,i_77
c_1973,i_59
c_19053,i_14
c_25047,i_74
c_7724,i_108
c_16097,i_3
c_7501,i_141
c_19393,i_101
c_23767,i_81
c_8713,i_108
c_13004,i_6
c_14260,i_111
c_23365,i_3
